<?xml version="1.0" encoding="utf-8"?>
<ColorTheme>
    <Default defaultfontcolor="#FFFFFFFF" />
    <Image shared="true" name="scrollbar.bmp" file="themes\scrollbar.bmp" />
    <Style name="ct-bkdarker1" bkcolor="#FF005A9E" />
    <Style name="ct-bkhori" bkcolor="#FF989898" />
    <Style name="ct-hotimage" hotimage="color='#FF338ED6'" />
    <Style name="ct-text-primary" textcolor="#FFFFFFFF" />
    <Style name="ct-text-secondary" textcolor="#FF99C7EB" />
    <Style name="ct-text-secondary-url" textcolor="#FF99C7EB" hottextcolor="#FFFFFFFF" />
    <Style name="ct-button" bkcolor="#FF338ED6" bordersize="2" bordercolor="#FF338ED6" hotbordercolor="#FF85BBE6" />
    <Style name="ct-option" bkcolor="#FF3378B1" selectedimage="color='#FF0078D7'" bordersize="2" bordercolor="#FF005A9E" hotbordercolor="#FF85BBE6" />
    <Style name="ct-list" itemhotbkcolor="#FF196AA8" itemselectedbkcolor="#FF006CC0" />
    <Style name="ct-combo" bkimage="file='themes\ComboButton-default.png' corner='2,2,36,2'" />
</ColorTheme>
